"","wb2021","year","intervention","x50q30"
"1","HIC",2017,"Aspirational_Antihypertensive therapy",0.0923143702868955
"2","HIC",2017,"Aspirational_Both",0.0923143702868955
"3","HIC",2017,"Aspirational_Salt reduction",0.0923143702868955
"4","HIC",2017,"Business as usual",0.0923143702868955
"5","HIC",2017,"Progress_Antihypertensive therapy",0.0923143702868955
"6","HIC",2017,"Progress_Both",0.0923143702868955
"7","HIC",2017,"Progress_Salt reduction",0.0923143702868955
"8","HIC",2018,"Aspirational_Antihypertensive therapy",0.0853776726378666
"9","HIC",2018,"Aspirational_Both",0.0853776726378666
"10","HIC",2018,"Aspirational_Salt reduction",0.0853776726378666
"11","HIC",2018,"Business as usual",0.0853776726378666
"12","HIC",2018,"Progress_Antihypertensive therapy",0.0853776726378666
"13","HIC",2018,"Progress_Both",0.0853776726378666
"14","HIC",2018,"Progress_Salt reduction",0.0853776726378666
"15","HIC",2019,"Aspirational_Antihypertensive therapy",0.0848840009549945
"16","HIC",2019,"Aspirational_Both",0.0848840009549945
"17","HIC",2019,"Aspirational_Salt reduction",0.0848840009549945
"18","HIC",2019,"Business as usual",0.0848840009549945
"19","HIC",2019,"Progress_Antihypertensive therapy",0.0848840009549945
"20","HIC",2019,"Progress_Both",0.0848840009549945
"21","HIC",2019,"Progress_Salt reduction",0.0848840009549945
"22","HIC",2020,"Aspirational_Antihypertensive therapy",0.0832655850089934
"23","HIC",2020,"Aspirational_Both",0.0832655850089934
"24","HIC",2020,"Aspirational_Salt reduction",0.0832655850089934
"25","HIC",2020,"Business as usual",0.0832655850089934
"26","HIC",2020,"Progress_Antihypertensive therapy",0.0832655850089934
"27","HIC",2020,"Progress_Both",0.0832655850089934
"28","HIC",2020,"Progress_Salt reduction",0.0832655850089934
"29","HIC",2021,"Aspirational_Antihypertensive therapy",0.0819324611880062
"30","HIC",2021,"Aspirational_Both",0.0819324611880062
"31","HIC",2021,"Aspirational_Salt reduction",0.0819324611880062
"32","HIC",2021,"Business as usual",0.0819324611880062
"33","HIC",2021,"Progress_Antihypertensive therapy",0.0819324611880062
"34","HIC",2021,"Progress_Both",0.0819324611880062
"35","HIC",2021,"Progress_Salt reduction",0.0819324611880062
"36","HIC",2022,"Aspirational_Antihypertensive therapy",0.0801718133780726
"37","HIC",2022,"Aspirational_Both",0.0801718133780726
"38","HIC",2022,"Aspirational_Salt reduction",0.0801718133780726
"39","HIC",2022,"Business as usual",0.0801718133780726
"40","HIC",2022,"Progress_Antihypertensive therapy",0.0801718133780726
"41","HIC",2022,"Progress_Both",0.0801718133780726
"42","HIC",2022,"Progress_Salt reduction",0.0801718133780726
"43","HIC",2023,"Aspirational_Antihypertensive therapy",0.0776820507499724
"44","HIC",2023,"Aspirational_Both",0.0776820507499724
"45","HIC",2023,"Aspirational_Salt reduction",0.0784307942788537
"46","HIC",2023,"Business as usual",0.0784307942788537
"47","HIC",2023,"Progress_Antihypertensive therapy",0.0780896174900461
"48","HIC",2023,"Progress_Both",0.0780896174900461
"49","HIC",2023,"Progress_Salt reduction",0.0784307942788537
"50","HIC",2024,"Aspirational_Antihypertensive therapy",0.0754521144955395
"51","HIC",2024,"Aspirational_Both",0.0753736800662177
"52","HIC",2024,"Aspirational_Salt reduction",0.0768945447265836
"53","HIC",2024,"Business as usual",0.0769779929676438
"54","HIC",2024,"Progress_Antihypertensive therapy",0.0762961872127773
"55","HIC",2024,"Progress_Both",0.0762706493832719
"56","HIC",2024,"Progress_Salt reduction",0.07695176648112
"57","HIC",2025,"Aspirational_Antihypertensive therapy",0.0734807857857621
"58","HIC",2025,"Aspirational_Both",0.0732687402773142
"59","HIC",2025,"Aspirational_Salt reduction",0.0755625183980031
"60","HIC",2025,"Business as usual",0.0757970194461615
"61","HIC",2025,"Progress_Antihypertensive therapy",0.0747819298426978
"62","HIC",2025,"Progress_Both",0.0747109733515766
"63","HIC",2025,"Progress_Salt reduction",0.075723033314944
"64","HIC",2026,"Aspirational_Antihypertensive therapy",0.0718745232157606
"65","HIC",2026,"Aspirational_Both",0.0714890992492173
"66","HIC",2026,"Aspirational_Salt reduction",0.0745415081254683
"67","HIC",2026,"Business as usual",0.0749845458062673
"68","HIC",2026,"Progress_Antihypertensive therapy",0.0736471082552083
"69","HIC",2026,"Progress_Both",0.073514432722912
"70","HIC",2026,"Progress_Salt reduction",0.0748442136281336
"71","HIC",2027,"Aspirational_Antihypertensive therapy",0.0701430797604473
"72","HIC",2027,"Aspirational_Both",0.0695595861033366
"73","HIC",2027,"Aspirational_Salt reduction",0.0733194525085857
"74","HIC",2027,"Business as usual",0.0740161149656086
"75","HIC",2027,"Progress_Antihypertensive therapy",0.0723800180075602
"76","HIC",2027,"Progress_Both",0.0721733217683763
"77","HIC",2027,"Progress_Salt reduction",0.0737945661131523
"78","HIC",2028,"Aspirational_Antihypertensive therapy",0.0684730381456914
"79","HIC",2028,"Aspirational_Both",0.0676755707537049
"80","HIC",2028,"Aspirational_Salt reduction",0.0720802352800368
"81","HIC",2028,"Business as usual",0.0730679577869794
"82","HIC",2028,"Progress_Antihypertensive therapy",0.0711603819224762
"83","HIC",2028,"Progress_Both",0.0708696774041497
"84","HIC",2028,"Progress_Salt reduction",0.0727525730873656
"85","HIC",2029,"Aspirational_Antihypertensive therapy",0.0669528682753912
"86","HIC",2029,"Aspirational_Both",0.0659840999988498
"87","HIC",2029,"Aspirational_Salt reduction",0.0709817215127136
"88","HIC",2029,"Business as usual",0.0722197541008447
"89","HIC",2029,"Progress_Antihypertensive therapy",0.0700719902070471
"90","HIC",2029,"Progress_Both",0.0696888107315293
"91","HIC",2029,"Progress_Salt reduction",0.0717996048721047
"92","HIC",2030,"Aspirational_Antihypertensive therapy",0.0653583307163311
"93","HIC",2030,"Aspirational_Both",0.0642550568816378
"94","HIC",2030,"Aspirational_Salt reduction",0.0697772483618528
"95","HIC",2030,"Business as usual",0.0712276698879589
"96","HIC",2030,"Progress_Antihypertensive therapy",0.0688699488811475
"97","HIC",2030,"Progress_Both",0.0683888218501153
"98","HIC",2030,"Progress_Salt reduction",0.0706950457165346
"99","HIC",2031,"Aspirational_Antihypertensive therapy",0.0639822350080499
"100","HIC",2031,"Aspirational_Both",0.0627698148821775
"101","HIC",2031,"Aspirational_Salt reduction",0.0687660111709905
"102","HIC",2031,"Business as usual",0.0704019305340595
"103","HIC",2031,"Progress_Antihypertensive therapy",0.0678564092772792
"104","HIC",2031,"Progress_Both",0.0672713034055571
"105","HIC",2031,"Progress_Salt reduction",0.0697486837573312
"106","HIC",2032,"Aspirational_Antihypertensive therapy",0.0627300237585042
"107","HIC",2032,"Aspirational_Both",0.0614298824140742
"108","HIC",2032,"Aspirational_Salt reduction",0.0678480670870105
"109","HIC",2032,"Business as usual",0.0696452666961557
"110","HIC",2032,"Progress_Antihypertensive therapy",0.0669312527378898
"111","HIC",2032,"Progress_Both",0.066257507483868
"112","HIC",2032,"Progress_Salt reduction",0.0688879360399284
"113","HIC",2033,"Aspirational_Antihypertensive therapy",0.0615313779529415
"114","HIC",2033,"Aspirational_Both",0.0601616829676689
"115","HIC",2033,"Aspirational_Salt reduction",0.0669410915792751
"116","HIC",2033,"Business as usual",0.0688766861609131
"117","HIC",2033,"Progress_Antihypertensive therapy",0.0660190626847165
"118","HIC",2033,"Progress_Both",0.0652700556119797
"119","HIC",2033,"Progress_Salt reduction",0.0680300274732714
"120","HIC",2034,"Aspirational_Antihypertensive therapy",0.0604252474662338
"121","HIC",2034,"Aspirational_Both",0.0590001962114484
"122","HIC",2034,"Aspirational_Salt reduction",0.0660916380158123
"123","HIC",2034,"Business as usual",0.068146699509485
"124","HIC",2034,"Progress_Antihypertensive therapy",0.0651628177863189
"125","HIC",2034,"Progress_Both",0.0643495952341547
"126","HIC",2034,"Progress_Salt reduction",0.0672229246871313
"127","HIC",2035,"Aspirational_Antihypertensive therapy",0.0593186090335092
"128","HIC",2035,"Aspirational_Both",0.0578522686242221
"129","HIC",2035,"Aspirational_Salt reduction",0.0652002189502489
"130","HIC",2035,"Business as usual",0.0673543369100177
"131","HIC",2035,"Progress_Antihypertensive therapy",0.0642633264665481
"132","HIC",2035,"Progress_Both",0.06339689069316
"133","HIC",2035,"Progress_Salt reduction",0.066365719075009
"134","HIC",2036,"Aspirational_Antihypertensive therapy",0.0583235557898827
"135","HIC",2036,"Aspirational_Both",0.0568233503855633
"136","HIC",2036,"Aspirational_Salt reduction",0.0643913092652071
"137","HIC",2036,"Business as usual",0.0666325587201838
"138","HIC",2036,"Progress_Antihypertensive therapy",0.0634476705674777
"139","HIC",2036,"Progress_Both",0.062534979356494
"140","HIC",2036,"Progress_Salt reduction",0.0655870510226262
"141","HIC",2037,"Aspirational_Antihypertensive therapy",0.0574164728150293
"142","HIC",2037,"Aspirational_Both",0.0558890673897866
"143","HIC",2037,"Aspirational_Salt reduction",0.0636493242388366
"144","HIC",2037,"Business as usual",0.0659669275556674
"145","HIC",2037,"Progress_Antihypertensive therapy",0.062694279735905
"146","HIC",2037,"Progress_Both",0.0617416295767078
"147","HIC",2037,"Progress_Salt reduction",0.0648714989186572
"148","HIC",2038,"Aspirational_Antihypertensive therapy",0.0565742108597939
"149","HIC",2038,"Aspirational_Both",0.0550258615768686
"150","HIC",2038,"Aspirational_Salt reduction",0.0629521664780848
"151","HIC",2038,"Business as usual",0.0653353527903553
"152","HIC",2038,"Progress_Antihypertensive therapy",0.0619810279602806
"153","HIC",2038,"Progress_Both",0.0609944067814109
"154","HIC",2038,"Progress_Salt reduction",0.0641966870673123
"155","HIC",2039,"Aspirational_Antihypertensive therapy",0.0558215074011549
"156","HIC",2039,"Aspirational_Both",0.0542567036909695
"157","HIC",2039,"Aspirational_Salt reduction",0.0623273173056756
"158","HIC",2039,"Business as usual",0.0647675662548659
"159","HIC",2039,"Progress_Antihypertensive therapy",0.061339466526257
"160","HIC",2039,"Progress_Both",0.0603234656043026
"161","HIC",2039,"Progress_Salt reduction",0.0635910418231205
"162","HIC",2040,"Aspirational_Antihypertensive therapy",0.0550283862399334
"163","HIC",2040,"Aspirational_Both",0.0534547366267684
"164","HIC",2040,"Aspirational_Salt reduction",0.0616403506668733
"165","HIC",2040,"Business as usual",0.0641245157585529
"166","HIC",2040,"Progress_Antihypertensive therapy",0.060628784088898
"167","HIC",2040,"Progress_Both",0.0595901553627651
"168","HIC",2040,"Progress_Salt reduction",0.0629175387221406
"169","HIC",2041,"Aspirational_Antihypertensive therapy",0.0543614845985307
"170","HIC",2041,"Aspirational_Both",0.0527800392952243
"171","HIC",2041,"Aspirational_Salt reduction",0.0610759257538176
"172","HIC",2041,"Business as usual",0.0636010056957312
"173","HIC",2041,"Progress_Antihypertensive therapy",0.0600394551055535
"174","HIC",2041,"Progress_Both",0.0589802071406044
"175","HIC",2041,"Progress_Salt reduction",0.0623659847817999
"176","HIC",2042,"Aspirational_Antihypertensive therapy",0.053735799167428
"177","HIC",2042,"Aspirational_Both",0.0521500076798307
"178","HIC",2042,"Aspirational_Salt reduction",0.0605402117073369
"179","HIC",2042,"Business as usual",0.0630990647037233
"180","HIC",2042,"Progress_Antihypertensive therapy",0.0594777768941408
"181","HIC",2042,"Progress_Both",0.0584014869329663
"182","HIC",2042,"Progress_Salt reduction",0.061840267439864
"183","HIC",2043,"Aspirational_Antihypertensive therapy",0.0531664857439398
"184","HIC",2043,"Aspirational_Both",0.0515789518227234
"185","HIC",2043,"Aspirational_Salt reduction",0.0600539780658811
"186","HIC",2043,"Business as usual",0.0626408142467638
"187","HIC",2043,"Progress_Antihypertensive therapy",0.0589623349379885
"188","HIC",2043,"Progress_Both",0.0578720246792742
"189","HIC",2043,"Progress_Salt reduction",0.0613618189343799
"190","HIC",2044,"Aspirational_Antihypertensive therapy",0.0526133726752964
"191","HIC",2044,"Aspirational_Both",0.0510269011227764
"192","HIC",2044,"Aspirational_Salt reduction",0.0595691192474483
"193","HIC",2044,"Business as usual",0.0621771609733652
"194","HIC",2044,"Progress_Antihypertensive therapy",0.0584492728689435
"195","HIC",2044,"Progress_Both",0.0573482195453472
"196","HIC",2044,"Progress_Salt reduction",0.0608820184336116
"197","HIC",2045,"Aspirational_Antihypertensive therapy",0.0520470465263646
"198","HIC",2045,"Aspirational_Both",0.0504648992813087
"199","HIC",2045,"Aspirational_Salt reduction",0.0590515505637978
"200","HIC",2045,"Business as usual",0.0616730602206284
"201","HIC",2045,"Progress_Antihypertensive therapy",0.0579073547000377
"202","HIC",2045,"Progress_Both",0.0567991299845216
"203","HIC",2045,"Progress_Salt reduction",0.060366306316706
"204","HIC",2046,"Aspirational_Antihypertensive therapy",0.0514970596505363
"205","HIC",2046,"Aspirational_Both",0.0499191992837813
"206","HIC",2046,"Aspirational_Salt reduction",0.058535976033969
"207","HIC",2046,"Business as usual",0.0611690810392399
"208","HIC",2046,"Progress_Antihypertensive therapy",0.0573744157438749
"209","HIC",2046,"Progress_Both",0.0562601765513431
"210","HIC",2046,"Progress_Salt reduction",0.0598523518125771
"211","HIC",2047,"Aspirational_Antihypertensive therapy",0.0510957012937651
"212","HIC",2047,"Aspirational_Both",0.0495199310455825
"213","HIC",2047,"Aspirational_Salt reduction",0.0581726107543195
"214","HIC",2047,"Business as usual",0.0608184605301597
"215","HIC",2047,"Progress_Antihypertensive therapy",0.0569971061226671
"216","HIC",2047,"Progress_Both",0.0558762653543432
"217","HIC",2047,"Progress_Salt reduction",0.0594918122018546
"218","HIC",2048,"Aspirational_Antihypertensive therapy",0.0507790427635286
"219","HIC",2048,"Aspirational_Both",0.049204718272352
"220","HIC",2048,"Aspirational_Salt reduction",0.057896224057799
"221","HIC",2048,"Business as usual",0.0605544042508952
"222","HIC",2048,"Progress_Antihypertensive therapy",0.0567063493717763
"223","HIC",2048,"Progress_Both",0.055579283642923
"224","HIC",2048,"Progress_Salt reduction",0.0592185559785366
"225","HIC",2049,"Aspirational_Antihypertensive therapy",0.0504705922431299
"226","HIC",2049,"Aspirational_Both",0.0488988605093487
"227","HIC",2049,"Aspirational_Salt reduction",0.0576224730685172
"228","HIC",2049,"Business as usual",0.0602897128466159
"229","HIC",2049,"Progress_Antihypertensive therapy",0.0564176228363733
"230","HIC",2049,"Progress_Both",0.0552860117695056
"231","HIC",2049,"Progress_Salt reduction",0.0589467109088805
"232","HIC",2050,"Aspirational_Antihypertensive therapy",0.0500841559408068
"233","HIC",2050,"Aspirational_Both",0.0485185472602117
"234","HIC",2050,"Aspirational_Salt reduction",0.057255861453085
"235","HIC",2050,"Business as usual",0.0599250459638939
"236","HIC",2050,"Progress_Antihypertensive therapy",0.0560344950386088
"237","HIC",2050,"Progress_Both",0.0549018075144669
"238","HIC",2050,"Progress_Salt reduction",0.0585787727150694
"239","LIC",2017,"Aspirational_Antihypertensive therapy",0.309826452190142
"240","LIC",2017,"Aspirational_Both",0.309826452190142
"241","LIC",2017,"Aspirational_Salt reduction",0.309826452190142
"242","LIC",2017,"Business as usual",0.309826452190142
"243","LIC",2017,"Progress_Antihypertensive therapy",0.309826452190142
"244","LIC",2017,"Progress_Both",0.309826452190142
"245","LIC",2017,"Progress_Salt reduction",0.309826452190142
"246","LIC",2018,"Aspirational_Antihypertensive therapy",0.307453510019358
"247","LIC",2018,"Aspirational_Both",0.307453510019358
"248","LIC",2018,"Aspirational_Salt reduction",0.307453510019358
"249","LIC",2018,"Business as usual",0.307453510019358
"250","LIC",2018,"Progress_Antihypertensive therapy",0.307453510019358
"251","LIC",2018,"Progress_Both",0.307453510019358
"252","LIC",2018,"Progress_Salt reduction",0.307453510019358
"253","LIC",2019,"Aspirational_Antihypertensive therapy",0.308275161482785
"254","LIC",2019,"Aspirational_Both",0.308275161482785
"255","LIC",2019,"Aspirational_Salt reduction",0.308275161482785
"256","LIC",2019,"Business as usual",0.308275161482785
"257","LIC",2019,"Progress_Antihypertensive therapy",0.308275161482785
"258","LIC",2019,"Progress_Both",0.308275161482785
"259","LIC",2019,"Progress_Salt reduction",0.308275161482785
"260","LIC",2020,"Aspirational_Antihypertensive therapy",0.306870855230537
"261","LIC",2020,"Aspirational_Both",0.306870855230537
"262","LIC",2020,"Aspirational_Salt reduction",0.306870855230537
"263","LIC",2020,"Business as usual",0.306870855230537
"264","LIC",2020,"Progress_Antihypertensive therapy",0.306870855230537
"265","LIC",2020,"Progress_Both",0.306870855230537
"266","LIC",2020,"Progress_Salt reduction",0.306870855230537
"267","LIC",2021,"Aspirational_Antihypertensive therapy",0.305013286390994
"268","LIC",2021,"Aspirational_Both",0.305013286390994
"269","LIC",2021,"Aspirational_Salt reduction",0.305013286390994
"270","LIC",2021,"Business as usual",0.305013286390994
"271","LIC",2021,"Progress_Antihypertensive therapy",0.305013286390994
"272","LIC",2021,"Progress_Both",0.305013286390994
"273","LIC",2021,"Progress_Salt reduction",0.305013286390994
"274","LIC",2022,"Aspirational_Antihypertensive therapy",0.303507144360063
"275","LIC",2022,"Aspirational_Both",0.303507144360063
"276","LIC",2022,"Aspirational_Salt reduction",0.303507144360063
"277","LIC",2022,"Business as usual",0.303507144360063
"278","LIC",2022,"Progress_Antihypertensive therapy",0.303507144360063
"279","LIC",2022,"Progress_Both",0.303507144360063
"280","LIC",2022,"Progress_Salt reduction",0.303507144360063
"281","LIC",2023,"Aspirational_Antihypertensive therapy",0.300261501442528
"282","LIC",2023,"Aspirational_Both",0.300261501442528
"283","LIC",2023,"Aspirational_Salt reduction",0.301724070512127
"284","LIC",2023,"Business as usual",0.301724070512127
"285","LIC",2023,"Progress_Antihypertensive therapy",0.300359891207687
"286","LIC",2023,"Progress_Both",0.300359891207687
"287","LIC",2023,"Progress_Salt reduction",0.301724070512127
"288","LIC",2024,"Aspirational_Antihypertensive therapy",0.296783971644739
"289","LIC",2024,"Aspirational_Both",0.296378819774511
"290","LIC",2024,"Aspirational_Salt reduction",0.299581365855754
"291","LIC",2024,"Business as usual",0.300001384051155
"292","LIC",2024,"Progress_Antihypertensive therapy",0.297042167022866
"293","LIC",2024,"Progress_Both",0.296900753845801
"294","LIC",2024,"Progress_Salt reduction",0.299855531123121
"295","LIC",2025,"Aspirational_Antihypertensive therapy",0.293733952152373
"296","LIC",2025,"Aspirational_Both",0.29271524602551
"297","LIC",2025,"Aspirational_Salt reduction",0.297962509335613
"298","LIC",2025,"Business as usual",0.299040888725316
"299","LIC",2025,"Progress_Antihypertensive therapy",0.294235706607673
"300","LIC",2025,"Progress_Both",0.293877861039513
"301","LIC",2025,"Progress_Salt reduction",0.298665238180549
"302","LIC",2026,"Aspirational_Antihypertensive therapy",0.288911846934341
"303","LIC",2026,"Aspirational_Both",0.287161993935692
"304","LIC",2026,"Aspirational_Salt reduction",0.294728052741559
"305","LIC",2026,"Business as usual",0.296622260548983
"306","LIC",2026,"Progress_Antihypertensive therapy",0.28975867108418
"307","LIC",2026,"Progress_Both",0.2891399440577
"308","LIC",2026,"Progress_Salt reduction",0.295960644516505
"309","LIC",2027,"Aspirational_Antihypertensive therapy",0.283996115740606
"310","LIC",2027,"Aspirational_Both",0.281439518410166
"311","LIC",2027,"Aspirational_Salt reduction",0.291606471160937
"312","LIC",2027,"Business as usual",0.294442937143705
"313","LIC",2027,"Progress_Antihypertensive therapy",0.285315608155321
"314","LIC",2027,"Progress_Both",0.28440518345987
"315","LIC",2027,"Progress_Salt reduction",0.293449974835306
"316","LIC",2028,"Aspirational_Antihypertensive therapy",0.279009486293267
"317","LIC",2028,"Aspirational_Both",0.27560242567267
"318","LIC",2028,"Aspirational_Salt reduction",0.28864784674781
"319","LIC",2028,"Business as usual",0.292532853735342
"320","LIC",2028,"Progress_Antihypertensive therapy",0.280957466054785
"321","LIC",2028,"Progress_Both",0.27973458034243
"322","LIC",2028,"Progress_Salt reduction",0.291170493081907
"323","LIC",2029,"Aspirational_Antihypertensive therapy",0.273918554226604
"324","LIC",2029,"Aspirational_Both",0.269935580546878
"325","LIC",2029,"Aspirational_Salt reduction",0.286160961820996
"326","LIC",2029,"Business as usual",0.290815866930592
"327","LIC",2029,"Progress_Antihypertensive therapy",0.276664253410223
"328","LIC",2029,"Progress_Both",0.27511702938975
"329","LIC",2029,"Progress_Salt reduction",0.289053344721957
"330","LIC",2030,"Aspirational_Antihypertensive therapy",0.269073742557097
"331","LIC",2030,"Aspirational_Both",0.264677551212436
"332","LIC",2030,"Aspirational_Salt reduction",0.284354363880369
"333","LIC",2030,"Business as usual",0.289630261188466
"334","LIC",2030,"Progress_Antihypertensive therapy",0.272801409294472
"335","LIC",2030,"Progress_Both",0.270921483773911
"336","LIC",2030,"Progress_Salt reduction",0.287438746970073
"337","LIC",2031,"Aspirational_Antihypertensive therapy",0.263661316646962
"338","LIC",2031,"Aspirational_Both",0.258985104787693
"339","LIC",2031,"Aspirational_Salt reduction",0.2822670034852
"340","LIC",2031,"Business as usual",0.288042046706045
"341","LIC",2031,"Progress_Antihypertensive therapy",0.26854764930687
"342","LIC",2031,"Progress_Both",0.266339292509419
"343","LIC",2031,"Progress_Salt reduction",0.285406253138236
"344","LIC",2032,"Aspirational_Antihypertensive therapy",0.258222435571517
"345","LIC",2032,"Aspirational_Both",0.253362042332183
"346","LIC",2032,"Aspirational_Salt reduction",0.280361000823681
"347","LIC",2032,"Business as usual",0.286548635847674
"348","LIC",2032,"Progress_Antihypertensive therapy",0.264436063753498
"349","LIC",2032,"Progress_Both",0.261996245801375
"350","LIC",2032,"Progress_Salt reduction",0.283578205823605
"351","LIC",2033,"Aspirational_Antihypertensive therapy",0.252844296482374
"352","LIC",2033,"Aspirational_Both",0.247874491306471
"353","LIC",2033,"Aspirational_Salt reduction",0.278636235998991
"354","LIC",2033,"Business as usual",0.285167693175213
"355","LIC",2033,"Progress_Antihypertensive therapy",0.260535306576252
"356","LIC",2033,"Progress_Both",0.25792621059503
"357","LIC",2033,"Progress_Salt reduction",0.281929867336149
"358","LIC",2034,"Aspirational_Antihypertensive therapy",0.247592736543133
"359","LIC",2034,"Aspirational_Both",0.242572259076441
"360","LIC",2034,"Aspirational_Salt reduction",0.277074634997102
"361","LIC",2034,"Business as usual",0.283893669571382
"362","LIC",2034,"Progress_Antihypertensive therapy",0.256883698744241
"363","LIC",2034,"Progress_Both",0.254149414632277
"364","LIC",2034,"Progress_Salt reduction",0.280436819688343
"365","LIC",2035,"Aspirational_Antihypertensive therapy",0.242515912279524
"366","LIC",2035,"Aspirational_Both",0.237490371503518
"367","LIC",2035,"Aspirational_Salt reduction",0.275644918706635
"368","LIC",2035,"Business as usual",0.282705302240662
"369","LIC",2035,"Progress_Antihypertensive therapy",0.253495096787813
"370","LIC",2035,"Progress_Both",0.250668174767806
"371","LIC",2035,"Progress_Salt reduction",0.279066702592878
"372","LIC",2036,"Aspirational_Antihypertensive therapy",0.23766239348423
"373","LIC",2036,"Aspirational_Both",0.232665992880186
"374","LIC",2036,"Aspirational_Salt reduction",0.274328335702252
"375","LIC",2036,"Business as usual",0.281592576954071
"376","LIC",2036,"Progress_Antihypertensive therapy",0.250379426961102
"377","LIC",2036,"Progress_Both",0.247483925483297
"378","LIC",2036,"Progress_Salt reduction",0.277801501645076
"379","LIC",2037,"Aspirational_Antihypertensive therapy",0.233068121719012
"380","LIC",2037,"Aspirational_Both",0.228126406296122
"381","LIC",2037,"Aspirational_Salt reduction",0.273097757244401
"382","LIC",2037,"Business as usual",0.28053411717966
"383","LIC",2037,"Progress_Antihypertensive therapy",0.247529389615423
"384","LIC",2037,"Progress_Both",0.244583544042762
"385","LIC",2037,"Progress_Salt reduction",0.276614597939712
"386","LIC",2038,"Aspirational_Antihypertensive therapy",0.228772834462666
"387","LIC",2038,"Aspirational_Both",0.223904045432514
"388","LIC",2038,"Aspirational_Salt reduction",0.271942071142569
"389","LIC",2038,"Business as usual",0.279523341477246
"390","LIC",2038,"Progress_Antihypertensive therapy",0.24494171220814
"391","LIC",2038,"Progress_Both",0.24195940279207
"392","LIC",2038,"Progress_Salt reduction",0.275495510815085
"393","LIC",2039,"Aspirational_Antihypertensive therapy",0.224818404991944
"394","LIC",2039,"Aspirational_Both",0.220034753396385
"395","LIC",2039,"Aspirational_Salt reduction",0.270872542726274
"396","LIC",2039,"Business as usual",0.278575217722142
"397","LIC",2039,"Progress_Antihypertensive therapy",0.24262226381767
"398","LIC",2039,"Progress_Both",0.239614038892009
"399","LIC",2039,"Progress_Salt reduction",0.274456085325186
"400","LIC",2040,"Aspirational_Antihypertensive therapy",0.221185268775948
"401","LIC",2040,"Aspirational_Both",0.216495195303444
"402","LIC",2040,"Aspirational_Salt reduction",0.269846430655879
"403","LIC",2040,"Business as usual",0.277648259973156
"404","LIC",2040,"Progress_Antihypertensive therapy",0.240519777135202
"405","LIC",2040,"Progress_Both",0.237494366584141
"406","LIC",2040,"Progress_Salt reduction",0.27345324643082
"407","LIC",2041,"Aspirational_Antihypertensive therapy",0.217848617899085
"408","LIC",2041,"Aspirational_Both",0.213257404567729
"409","LIC",2041,"Aspirational_Salt reduction",0.268834091336727
"410","LIC",2041,"Business as usual",0.276714098292007
"411","LIC",2041,"Progress_Antihypertensive therapy",0.23858826887528
"412","LIC",2041,"Progress_Both",0.235552976960368
"413","LIC",2041,"Progress_Salt reduction",0.272457202946592
"414","LIC",2042,"Aspirational_Antihypertensive therapy",0.21479852295641
"415","LIC",2042,"Aspirational_Both",0.210308995963756
"416","LIC",2042,"Aspirational_Salt reduction",0.267836994406442
"417","LIC",2042,"Business as usual",0.275775518790018
"418","LIC",2042,"Progress_Antihypertensive therapy",0.236808546903032
"419","LIC",2042,"Progress_Both",0.23376951397301
"420","LIC",2042,"Progress_Salt reduction",0.271469385634786
"421","LIC",2043,"Aspirational_Antihypertensive therapy",0.21204026998564
"422","LIC",2043,"Aspirational_Both",0.20765310652846
"423","LIC",2043,"Aspirational_Salt reduction",0.266885362242965
"424","LIC",2043,"Business as usual",0.274864493854994
"425","LIC",2043,"Progress_Antihypertensive therapy",0.235187864698777
"426","LIC",2043,"Progress_Both",0.232150166129258
"427","LIC",2043,"Progress_Salt reduction",0.270520380388206
"428","LIC",2044,"Aspirational_Antihypertensive therapy",0.209535017611599
"429","LIC",2044,"Aspirational_Both",0.205249491229439
"430","LIC",2044,"Aspirational_Salt reduction",0.26595897197122
"431","LIC",2044,"Business as usual",0.273962122712636
"432","LIC",2044,"Progress_Antihypertensive therapy",0.233690803480498
"433","LIC",2044,"Progress_Both",0.230658856953175
"434","LIC",2044,"Progress_Salt reduction",0.269590333860295
"435","LIC",2045,"Aspirational_Antihypertensive therapy",0.207217330535764
"436","LIC",2045,"Aspirational_Both",0.203032129418401
"437","LIC",2045,"Aspirational_Salt reduction",0.265005298010489
"438","LIC",2045,"Business as usual",0.27301624874559
"439","LIC",2045,"Progress_Antihypertensive therapy",0.232254710722963
"440","LIC",2045,"Progress_Both",0.229232811064989
"441","LIC",2045,"Progress_Salt reduction",0.268626738702139
"442","LIC",2046,"Aspirational_Antihypertensive therapy",0.205044783982219
"443","LIC",2046,"Aspirational_Both",0.200957770916246
"444","LIC",2046,"Aspirational_Salt reduction",0.264004242884743
"445","LIC",2046,"Business as usual",0.272008168228054
"446","LIC",2046,"Progress_Antihypertensive therapy",0.23084620897776
"447","LIC",2046,"Progress_Both",0.227838044131644
"448","LIC",2046,"Progress_Salt reduction",0.267609819049371
"449","LIC",2047,"Aspirational_Antihypertensive therapy",0.203005223823858
"450","LIC",2047,"Aspirational_Both",0.199013582538728
"451","LIC",2047,"Aspirational_Salt reduction",0.262967185515334
"452","LIC",2047,"Business as usual",0.270950665383232
"453","LIC",2047,"Progress_Antihypertensive therapy",0.229464555493174
"454","LIC",2047,"Progress_Both",0.226473193649461
"455","LIC",2047,"Progress_Salt reduction",0.266551303163274
"456","LIC",2048,"Aspirational_Antihypertensive therapy",0.2011196376638
"457","LIC",2048,"Aspirational_Both",0.197219488702414
"458","LIC",2048,"Aspirational_Salt reduction",0.261944523517821
"459","LIC",2048,"Business as usual",0.269896960220877
"460","LIC",2048,"Progress_Antihypertensive therapy",0.228146061482844
"461","LIC",2048,"Progress_Both",0.225173568550811
"462","LIC",2048,"Progress_Salt reduction",0.265502757712826
"463","LIC",2049,"Aspirational_Antihypertensive therapy",0.199388155734114
"464","LIC",2049,"Aspirational_Both",0.195574961817987
"465","LIC",2049,"Aspirational_Salt reduction",0.260955461880329
"466","LIC",2049,"Business as usual",0.26886872477812
"467","LIC",2049,"Progress_Antihypertensive therapy",0.226901772670837
"468","LIC",2049,"Progress_Both",0.223949559500862
"469","LIC",2049,"Progress_Salt reduction",0.264484591720625
"470","LIC",2050,"Aspirational_Antihypertensive therapy",0.197727839339388
"471","LIC",2050,"Aspirational_Both",0.193997405519704
"472","LIC",2050,"Aspirational_Salt reduction",0.259910291194563
"473","LIC",2050,"Business as usual",0.267777120519316
"474","LIC",2050,"Progress_Antihypertensive therapy",0.225649704016892
"475","LIC",2050,"Progress_Both",0.222719179278545
"476","LIC",2050,"Progress_Salt reduction",0.263407639160682
"477","LMIC",2017,"Aspirational_Antihypertensive therapy",0.280870095419922
"478","LMIC",2017,"Aspirational_Both",0.280870095419922
"479","LMIC",2017,"Aspirational_Salt reduction",0.280870095419922
"480","LMIC",2017,"Business as usual",0.280870095419922
"481","LMIC",2017,"Progress_Antihypertensive therapy",0.280870095419922
"482","LMIC",2017,"Progress_Both",0.280870095419922
"483","LMIC",2017,"Progress_Salt reduction",0.280870095419922
"484","LMIC",2018,"Aspirational_Antihypertensive therapy",0.277008471018878
"485","LMIC",2018,"Aspirational_Both",0.277008471018878
"486","LMIC",2018,"Aspirational_Salt reduction",0.277008471018878
"487","LMIC",2018,"Business as usual",0.277008471018878
"488","LMIC",2018,"Progress_Antihypertensive therapy",0.277008471018878
"489","LMIC",2018,"Progress_Both",0.277008471018878
"490","LMIC",2018,"Progress_Salt reduction",0.277008471018878
"491","LMIC",2019,"Aspirational_Antihypertensive therapy",0.277574618755741
"492","LMIC",2019,"Aspirational_Both",0.277574618755741
"493","LMIC",2019,"Aspirational_Salt reduction",0.277574618755741
"494","LMIC",2019,"Business as usual",0.277574618755741
"495","LMIC",2019,"Progress_Antihypertensive therapy",0.277574618755741
"496","LMIC",2019,"Progress_Both",0.277574618755741
"497","LMIC",2019,"Progress_Salt reduction",0.277574618755741
"498","LMIC",2020,"Aspirational_Antihypertensive therapy",0.275777638453469
"499","LMIC",2020,"Aspirational_Both",0.275777638453469
"500","LMIC",2020,"Aspirational_Salt reduction",0.275777638453469
"501","LMIC",2020,"Business as usual",0.275777638453469
"502","LMIC",2020,"Progress_Antihypertensive therapy",0.275777638453469
"503","LMIC",2020,"Progress_Both",0.275777638453469
"504","LMIC",2020,"Progress_Salt reduction",0.275777638453469
"505","LMIC",2021,"Aspirational_Antihypertensive therapy",0.273570603788609
"506","LMIC",2021,"Aspirational_Both",0.273570603788609
"507","LMIC",2021,"Aspirational_Salt reduction",0.273570603788609
"508","LMIC",2021,"Business as usual",0.273570603788609
"509","LMIC",2021,"Progress_Antihypertensive therapy",0.273570603788609
"510","LMIC",2021,"Progress_Both",0.273570603788609
"511","LMIC",2021,"Progress_Salt reduction",0.273570603788609
"512","LMIC",2022,"Aspirational_Antihypertensive therapy",0.271645920699387
"513","LMIC",2022,"Aspirational_Both",0.271645920699387
"514","LMIC",2022,"Aspirational_Salt reduction",0.271645920699387
"515","LMIC",2022,"Business as usual",0.271645920699387
"516","LMIC",2022,"Progress_Antihypertensive therapy",0.271645920699387
"517","LMIC",2022,"Progress_Both",0.271645920699387
"518","LMIC",2022,"Progress_Salt reduction",0.271645920699387
"519","LMIC",2023,"Aspirational_Antihypertensive therapy",0.268301698482355
"520","LMIC",2023,"Aspirational_Both",0.268301698482355
"521","LMIC",2023,"Aspirational_Salt reduction",0.269736745251786
"522","LMIC",2023,"Business as usual",0.269736745251786
"523","LMIC",2023,"Progress_Antihypertensive therapy",0.26839540895637
"524","LMIC",2023,"Progress_Both",0.26839540895637
"525","LMIC",2023,"Progress_Salt reduction",0.269736745251786
"526","LMIC",2024,"Aspirational_Antihypertensive therapy",0.264948324012729
"527","LMIC",2024,"Aspirational_Both",0.264528720899839
"528","LMIC",2024,"Aspirational_Salt reduction",0.267659851619401
"529","LMIC",2024,"Business as usual",0.268092935587295
"530","LMIC",2024,"Progress_Antihypertensive therapy",0.265204205293447
"531","LMIC",2024,"Progress_Both",0.265071137712918
"532","LMIC",2024,"Progress_Salt reduction",0.267955909041714
"533","LMIC",2025,"Aspirational_Antihypertensive therapy",0.261841413083229
"534","LMIC",2025,"Aspirational_Both",0.260739952964826
"535","LMIC",2025,"Aspirational_Salt reduction",0.265836913639389
"536","LMIC",2025,"Business as usual",0.266998115078331
"537","LMIC",2025,"Progress_Antihypertensive therapy",0.262351674434278
"538","LMIC",2025,"Progress_Both",0.262000383627942
"539","LMIC",2025,"Progress_Salt reduction",0.266629454325066
"540","LMIC",2026,"Aspirational_Antihypertensive therapy",0.257798914307573
"541","LMIC",2026,"Aspirational_Both",0.255846116316778
"542","LMIC",2026,"Aspirational_Salt reduction",0.263152512027055
"543","LMIC",2026,"Business as usual",0.265260303663957
"544","LMIC",2026,"Progress_Antihypertensive therapy",0.258679146506168
"545","LMIC",2026,"Progress_Both",0.258052254717375
"546","LMIC",2026,"Progress_Salt reduction",0.264588878581822
"547","LMIC",2027,"Aspirational_Antihypertensive therapy",0.253908306927447
"548","LMIC",2027,"Aspirational_Both",0.250990785871164
"549","LMIC",2027,"Aspirational_Salt reduction",0.260728520644024
"550","LMIC",2027,"Business as usual",0.26396053642812
"551","LMIC",2027,"Progress_Antihypertensive therapy",0.255296786010967
"552","LMIC",2027,"Progress_Both",0.25435302482607
"553","LMIC",2027,"Progress_Salt reduction",0.262927618880739
"554","LMIC",2028,"Aspirational_Antihypertensive therapy",0.249997079290028
"555","LMIC",2028,"Aspirational_Both",0.246048858453173
"556","LMIC",2028,"Aspirational_Salt reduction",0.258395290769272
"557","LMIC",2028,"Business as usual",0.2628952940338
"558","LMIC",2028,"Progress_Antihypertensive therapy",0.252048472654703
"559","LMIC",2028,"Progress_Both",0.250759733639213
"560","LMIC",2028,"Progress_Salt reduction",0.261452414335221
"561","LMIC",2029,"Aspirational_Antihypertensive therapy",0.245944206272651
"562","LMIC",2029,"Aspirational_Both",0.241240829651573
"563","LMIC",2029,"Aspirational_Salt reduction",0.256389651710567
"564","LMIC",2029,"Business as usual",0.261895699798469
"565","LMIC",2029,"Progress_Antihypertensive therapy",0.248821344076286
"566","LMIC",2029,"Progress_Both",0.247170081684855
"567","LMIC",2029,"Progress_Salt reduction",0.260003021109682
"568","LMIC",2030,"Aspirational_Antihypertensive therapy",0.241899597608019
"569","LMIC",2030,"Aspirational_Both",0.236634441797628
"570","LMIC",2030,"Aspirational_Salt reduction",0.254728447354407
"571","LMIC",2030,"Business as usual",0.261067122879163
"572","LMIC",2030,"Progress_Antihypertensive therapy",0.245765442851478
"573","LMIC",2030,"Progress_Both",0.24374059782834
"574","LMIC",2030,"Progress_Salt reduction",0.25869005254233
"575","LMIC",2031,"Aspirational_Antihypertensive therapy",0.237515734005469
"576","LMIC",2031,"Aspirational_Both",0.231848921826619
"577","LMIC",2031,"Aspirational_Salt reduction",0.252938881466106
"578","LMIC",2031,"Business as usual",0.259964365791886
"579","LMIC",2031,"Progress_Antihypertensive therapy",0.242509297112038
"580","LMIC",2031,"Progress_Both",0.240110191110651
"581","LMIC",2031,"Progress_Salt reduction",0.257079918594521
"582","LMIC",2032,"Aspirational_Antihypertensive therapy",0.233145104679895
"583","LMIC",2032,"Aspirational_Both",0.227198659498771
"584","LMIC",2032,"Aspirational_Salt reduction",0.251292006405347
"585","LMIC",2032,"Business as usual",0.258894083527751
"586","LMIC",2032,"Progress_Antihypertensive therapy",0.239384853988815
"587","LMIC",2032,"Progress_Both",0.236701467519514
"588","LMIC",2032,"Progress_Salt reduction",0.255600866855964
"589","LMIC",2033,"Aspirational_Antihypertensive therapy",0.228864895632778
"590","LMIC",2033,"Aspirational_Both",0.222736544889763
"591","LMIC",2033,"Aspirational_Salt reduction",0.249783457815979
"592","LMIC",2033,"Business as usual",0.257871153960609
"593","LMIC",2033,"Progress_Antihypertensive therapy",0.236437135165361
"594","LMIC",2033,"Progress_Both",0.233534669884389
"595","LMIC",2033,"Progress_Salt reduction",0.25424003708636
"596","LMIC",2034,"Aspirational_Antihypertensive therapy",0.224692516545148
"597","LMIC",2034,"Aspirational_Both",0.218460305382525
"598","LMIC",2034,"Aspirational_Salt reduction",0.248352218022936
"599","LMIC",2034,"Business as usual",0.256849081390016
"600","LMIC",2034,"Progress_Antihypertensive therapy",0.233646364472897
"601","LMIC",2034,"Progress_Both",0.230574529806627
"602","LMIC",2034,"Progress_Salt reduction",0.252935622120887
"603","LMIC",2035,"Aspirational_Antihypertensive therapy",0.220704983549828
"604","LMIC",2035,"Aspirational_Both",0.214430426430919
"605","LMIC",2035,"Aspirational_Salt reduction",0.247017266130114
"606","LMIC",2035,"Business as usual",0.255858327445684
"607","LMIC",2035,"Progress_Antihypertensive therapy",0.231054079243603
"608","LMIC",2035,"Progress_Both",0.227851632107461
"609","LMIC",2035,"Progress_Salt reduction",0.251707915641011
"610","LMIC",2036,"Aspirational_Antihypertensive therapy",0.216906210685133
"611","LMIC",2036,"Aspirational_Both",0.210636204682158
"612","LMIC",2036,"Aspirational_Salt reduction",0.245731108744247
"613","LMIC",2036,"Business as usual",0.254861914712645
"614","LMIC",2036,"Progress_Antihypertensive therapy",0.22863070360087
"615","LMIC",2036,"Progress_Both",0.225327640903538
"616","LMIC",2036,"Progress_Salt reduction",0.250511750731045
"617","LMIC",2037,"Aspirational_Antihypertensive therapy",0.213298551047487
"618","LMIC",2037,"Aspirational_Both",0.207069600803677
"619","LMIC",2037,"Aspirational_Salt reduction",0.244456560721207
"620","LMIC",2037,"Business as usual",0.253828712711729
"621","LMIC",2037,"Progress_Antihypertensive therapy",0.226348507934049
"622","LMIC",2037,"Progress_Both",0.222969019085714
"623","LMIC",2037,"Progress_Salt reduction",0.249310900355984
"624","LMIC",2038,"Aspirational_Antihypertensive therapy",0.209874083080662
"625","LMIC",2038,"Aspirational_Both",0.203713911612925
"626","LMIC",2038,"Aspirational_Salt reduction",0.243156303567054
"627","LMIC",2038,"Business as usual",0.252726704480682
"628","LMIC",2038,"Progress_Antihypertensive therapy",0.224174491317591
"629","LMIC",2038,"Progress_Both",0.220738255144178
"630","LMIC",2038,"Progress_Salt reduction",0.24806928092623
"631","LMIC",2039,"Aspirational_Antihypertensive therapy",0.2066592381431
"632","LMIC",2039,"Aspirational_Both",0.200587146196124
"633","LMIC",2039,"Aspirational_Salt reduction",0.241844557591091
"634","LMIC",2039,"Business as usual",0.251576293084892
"635","LMIC",2039,"Progress_Antihypertensive therapy",0.2221181170447
"636","LMIC",2039,"Progress_Both",0.218640632786867
"637","LMIC",2039,"Progress_Salt reduction",0.246803140443278
"638","LMIC",2040,"Aspirational_Antihypertensive therapy",0.203660772561358
"639","LMIC",2040,"Aspirational_Both",0.197689417009218
"640","LMIC",2040,"Aspirational_Salt reduction",0.240524380421135
"641","LMIC",2040,"Business as usual",0.250385746719672
"642","LMIC",2040,"Progress_Antihypertensive therapy",0.220174648270613
"643","LMIC",2040,"Progress_Both",0.216668152136312
"644","LMIC",2040,"Progress_Salt reduction",0.245517286780268
"645","LMIC",2041,"Aspirational_Antihypertensive therapy",0.200899781743528
"646","LMIC",2041,"Aspirational_Both",0.195036183145202
"647","LMIC",2041,"Aspirational_Salt reduction",0.239231432341337
"648","LMIC",2041,"Business as usual",0.249195911545345
"649","LMIC",2041,"Progress_Antihypertensive therapy",0.218362836481737
"650","LMIC",2041,"Progress_Both",0.21483671759804
"651","LMIC",2041,"Progress_Salt reduction",0.244249276998323
"652","LMIC",2042,"Aspirational_Antihypertensive therapy",0.198350327550485
"653","LMIC",2042,"Aspirational_Both",0.19259847525075
"654","LMIC",2042,"Aspirational_Salt reduction",0.237948181102996
"655","LMIC",2042,"Business as usual",0.24799152358331
"656","LMIC",2042,"Progress_Antihypertensive therapy",0.216654573271336
"657","LMIC",2042,"Progress_Both",0.213116764901443
"658","LMIC",2042,"Progress_Salt reduction",0.242982151272336
"659","LMIC",2043,"Aspirational_Antihypertensive therapy",0.19599080518172
"660","LMIC",2043,"Aspirational_Both",0.190351539042628
"661","LMIC",2043,"Aspirational_Salt reduction",0.236666845599188
"662","LMIC",2043,"Business as usual",0.246768050562313
"663","LMIC",2043,"Progress_Antihypertensive therapy",0.215030140584995
"664","LMIC",2043,"Progress_Both",0.211487107677329
"665","LMIC",2043,"Progress_Salt reduction",0.241709428405219
"666","LMIC",2044,"Aspirational_Antihypertensive therapy",0.19384495784153
"667","LMIC",2044,"Aspirational_Both",0.188315986479865
"668","LMIC",2044,"Aspirational_Salt reduction",0.235436395202955
"669","LMIC",2044,"Business as usual",0.245578662376416
"670","LMIC",2044,"Progress_Antihypertensive therapy",0.213522150811566
"671","LMIC",2044,"Progress_Both",0.209978697349333
"672","LMIC",2044,"Progress_Salt reduction",0.240481934309729
"673","LMIC",2045,"Aspirational_Antihypertensive therapy",0.191928438606683
"674","LMIC",2045,"Aspirational_Both",0.186505091379684
"675","LMIC",2045,"Aspirational_Salt reduction",0.234296358476975
"676","LMIC",2045,"Business as usual",0.244466712449241
"677","LMIC",2045,"Progress_Antihypertensive therapy",0.212156442371237
"678","LMIC",2045,"Progress_Both",0.208615965765044
"679","LMIC",2045,"Progress_Salt reduction",0.239340896846501
"680","LMIC",2046,"Aspirational_Antihypertensive therapy",0.190226525138619
"681","LMIC",2046,"Aspirational_Both",0.184902144385351
"682","LMIC",2046,"Aspirational_Salt reduction",0.233253182886422
"683","LMIC",2046,"Business as usual",0.243442467755109
"684","LMIC",2046,"Progress_Antihypertensive therapy",0.210928874674653
"685","LMIC",2046,"Progress_Both",0.207393337803876
"686","LMIC",2046,"Progress_Salt reduction",0.238294353307118
"687","LMIC",2047,"Aspirational_Antihypertensive therapy",0.188716404056425
"688","LMIC",2047,"Aspirational_Both",0.183484053506967
"689","LMIC",2047,"Aspirational_Salt reduction",0.232301909577121
"690","LMIC",2047,"Business as usual",0.242502047851514
"691","LMIC",2047,"Progress_Antihypertensive therapy",0.209825866888246
"692","LMIC",2047,"Progress_Both",0.20629679208706
"693","LMIC",2047,"Progress_Salt reduction",0.237337564865476
"694","LMIC",2048,"Aspirational_Antihypertensive therapy",0.187349737786825
"695","LMIC",2048,"Aspirational_Both",0.18220321248189
"696","LMIC",2048,"Aspirational_Salt reduction",0.231403324165366
"697","LMIC",2048,"Business as usual",0.241606104992067
"698","LMIC",2048,"Progress_Antihypertensive therapy",0.208804854207285
"699","LMIC",2048,"Progress_Both",0.205283790137169
"700","LMIC",2048,"Progress_Salt reduction",0.23643090910075
"701","LMIC",2049,"Aspirational_Antihypertensive therapy",0.186098637583214
"702","LMIC",2049,"Aspirational_Both",0.181032150811809
"703","LMIC",2049,"Aspirational_Salt reduction",0.230538791650186
"704","LMIC",2049,"Business as usual",0.240736550442714
"705","LMIC",2049,"Progress_Antihypertensive therapy",0.207844090133955
"706","LMIC",2049,"Progress_Both",0.204332425471642
"707","LMIC",2049,"Progress_Salt reduction",0.235555753902786
"708","LMIC",2050,"Aspirational_Antihypertensive therapy",0.18491484694531
"709","LMIC",2050,"Aspirational_Both",0.179923466163956
"710","LMIC",2050,"Aspirational_Salt reduction",0.229660634289964
"711","LMIC",2050,"Business as usual",0.239845572324138
"712","LMIC",2050,"Progress_Antihypertensive therapy",0.206897509845197
"713","LMIC",2050,"Progress_Both",0.203396766976671
"714","LMIC",2050,"Progress_Salt reduction",0.234664129669747
"715","UMIC",2017,"Aspirational_Antihypertensive therapy",0.225757180332977
"716","UMIC",2017,"Aspirational_Both",0.225757180332977
"717","UMIC",2017,"Aspirational_Salt reduction",0.225757180332977
"718","UMIC",2017,"Business as usual",0.225757180332977
"719","UMIC",2017,"Progress_Antihypertensive therapy",0.225757180332977
"720","UMIC",2017,"Progress_Both",0.225757180332977
"721","UMIC",2017,"Progress_Salt reduction",0.225757180332977
"722","UMIC",2018,"Aspirational_Antihypertensive therapy",0.212748395108505
"723","UMIC",2018,"Aspirational_Both",0.212748395108505
"724","UMIC",2018,"Aspirational_Salt reduction",0.212748395108505
"725","UMIC",2018,"Business as usual",0.212748395108505
"726","UMIC",2018,"Progress_Antihypertensive therapy",0.212748395108505
"727","UMIC",2018,"Progress_Both",0.212748395108505
"728","UMIC",2018,"Progress_Salt reduction",0.212748395108505
"729","UMIC",2019,"Aspirational_Antihypertensive therapy",0.211347926954047
"730","UMIC",2019,"Aspirational_Both",0.211347926954047
"731","UMIC",2019,"Aspirational_Salt reduction",0.211347926954047
"732","UMIC",2019,"Business as usual",0.211347926954047
"733","UMIC",2019,"Progress_Antihypertensive therapy",0.211347926954047
"734","UMIC",2019,"Progress_Both",0.211347926954047
"735","UMIC",2019,"Progress_Salt reduction",0.211347926954047
"736","UMIC",2020,"Aspirational_Antihypertensive therapy",0.206715193762748
"737","UMIC",2020,"Aspirational_Both",0.206715193762748
"738","UMIC",2020,"Aspirational_Salt reduction",0.206715193762748
"739","UMIC",2020,"Business as usual",0.206715193762748
"740","UMIC",2020,"Progress_Antihypertensive therapy",0.206715193762748
"741","UMIC",2020,"Progress_Both",0.206715193762748
"742","UMIC",2020,"Progress_Salt reduction",0.206715193762748
"743","UMIC",2021,"Aspirational_Antihypertensive therapy",0.202707398994611
"744","UMIC",2021,"Aspirational_Both",0.202707398994611
"745","UMIC",2021,"Aspirational_Salt reduction",0.202707398994611
"746","UMIC",2021,"Business as usual",0.202707398994611
"747","UMIC",2021,"Progress_Antihypertensive therapy",0.202707398994611
"748","UMIC",2021,"Progress_Both",0.202707398994611
"749","UMIC",2021,"Progress_Salt reduction",0.202707398994611
"750","UMIC",2022,"Aspirational_Antihypertensive therapy",0.199408995425267
"751","UMIC",2022,"Aspirational_Both",0.199408995425267
"752","UMIC",2022,"Aspirational_Salt reduction",0.199408995425267
"753","UMIC",2022,"Business as usual",0.199408995425267
"754","UMIC",2022,"Progress_Antihypertensive therapy",0.199408995425267
"755","UMIC",2022,"Progress_Both",0.199408995425267
"756","UMIC",2022,"Progress_Salt reduction",0.199408995425267
"757","UMIC",2023,"Aspirational_Antihypertensive therapy",0.195215903106899
"758","UMIC",2023,"Aspirational_Both",0.195215903106899
"759","UMIC",2023,"Aspirational_Salt reduction",0.196858343670555
"760","UMIC",2023,"Business as usual",0.196858343670555
"761","UMIC",2023,"Progress_Antihypertensive therapy",0.195407466098693
"762","UMIC",2023,"Progress_Both",0.195407466098693
"763","UMIC",2023,"Progress_Salt reduction",0.196858343670555
"764","UMIC",2024,"Aspirational_Antihypertensive therapy",0.190915227299642
"765","UMIC",2024,"Aspirational_Both",0.190489115789197
"766","UMIC",2024,"Aspirational_Salt reduction",0.193983626830447
"767","UMIC",2024,"Business as usual",0.194431645794156
"768","UMIC",2024,"Progress_Antihypertensive therapy",0.191391166637626
"769","UMIC",2024,"Progress_Both",0.19125653332384
"770","UMIC",2024,"Progress_Salt reduction",0.194290800746797
"771","UMIC",2025,"Aspirational_Antihypertensive therapy",0.187424334044631
"772","UMIC",2025,"Aspirational_Both",0.186368978634737
"773","UMIC",2025,"Aspirational_Salt reduction",0.191933470956121
"774","UMIC",2025,"Business as usual",0.193079178354954
"775","UMIC",2025,"Progress_Antihypertensive therapy",0.18829993268195
"776","UMIC",2025,"Progress_Both",0.187963532106157
"777","UMIC",2025,"Progress_Salt reduction",0.192717567783782
"778","UMIC",2026,"Aspirational_Antihypertensive therapy",0.182896972321675
"779","UMIC",2026,"Aspirational_Both",0.181111335685273
"780","UMIC",2026,"Aspirational_Salt reduction",0.188892579074921
"781","UMIC",2026,"Business as usual",0.19089953328089
"782","UMIC",2026,"Progress_Antihypertensive therapy",0.184298168805738
"783","UMIC",2026,"Progress_Both",0.183722959304316
"784","UMIC",2026,"Progress_Salt reduction",0.19026361194887
"785","UMIC",2027,"Aspirational_Antihypertensive therapy",0.178118766391922
"786","UMIC",2027,"Aspirational_Both",0.175552627206472
"787","UMIC",2027,"Aspirational_Salt reduction",0.185651295099537
"788","UMIC",2027,"Business as usual",0.188646034764607
"789","UMIC",2027,"Progress_Antihypertensive therapy",0.180179816634613
"790","UMIC",2027,"Progress_Both",0.179342709661829
"791","UMIC",2027,"Progress_Salt reduction",0.187693406374827
"792","UMIC",2028,"Aspirational_Antihypertensive therapy",0.17358875083583
"793","UMIC",2028,"Aspirational_Both",0.17022675823052
"794","UMIC",2028,"Aspirational_Salt reduction",0.18270353740156
"795","UMIC",2028,"Business as usual",0.18678829901162
"796","UMIC",2028,"Progress_Antihypertensive therapy",0.176445939428958
"797","UMIC",2028,"Progress_Both",0.175332817663
"798","UMIC",2028,"Progress_Salt reduction",0.18548384861543
"799","UMIC",2029,"Aspirational_Antihypertensive therapy",0.168375959918098
"800","UMIC",2029,"Aspirational_Both",0.164516814952399
"801","UMIC",2029,"Aspirational_Salt reduction",0.179412967313889
"802","UMIC",2029,"Business as usual",0.184277337630863
"803","UMIC",2029,"Progress_Antihypertensive therapy",0.172150694432626
"804","UMIC",2029,"Progress_Both",0.17076331083532
"805","UMIC",2029,"Progress_Salt reduction",0.182603104162677
"806","UMIC",2030,"Aspirational_Antihypertensive therapy",0.163950425034554
"807","UMIC",2030,"Aspirational_Both",0.159746887817972
"808","UMIC",2030,"Aspirational_Salt reduction",0.177115252244904
"809","UMIC",2030,"Business as usual",0.182616068828809
"810","UMIC",2030,"Progress_Antihypertensive therapy",0.168756742660811
"811","UMIC",2030,"Progress_Both",0.167087268743541
"812","UMIC",2030,"Progress_Salt reduction",0.180543027179502
"813","UMIC",2031,"Aspirational_Antihypertensive therapy",0.159329943184971
"814","UMIC",2031,"Aspirational_Both",0.154914365138916
"815","UMIC",2031,"Aspirational_Salt reduction",0.174677490785403
"816","UMIC",2031,"Business as usual",0.180683832447564
"817","UMIC",2031,"Progress_Antihypertensive therapy",0.165241971947828
"818","UMIC",2031,"Progress_Both",0.163297199835872
"819","UMIC",2031,"Progress_Salt reduction",0.178201819702299
"820","UMIC",2032,"Aspirational_Antihypertensive therapy",0.155097738186545
"821","UMIC",2032,"Aspirational_Both",0.150550260181004
"822","UMIC",2032,"Aspirational_Salt reduction",0.172624765913702
"823","UMIC",2032,"Business as usual",0.179058340219361
"824","UMIC",2032,"Progress_Antihypertensive therapy",0.162164085792827
"825","UMIC",2032,"Progress_Both",0.16001851053824
"826","UMIC",2032,"Progress_Salt reduction",0.176259241555214
"827","UMIC",2033,"Aspirational_Antihypertensive therapy",0.151107023114729
"828","UMIC",2033,"Aspirational_Both",0.146492462708581
"829","UMIC",2033,"Aspirational_Salt reduction",0.170732992137067
"830","UMIC",2033,"Business as usual",0.177523191518107
"831","UMIC",2033,"Progress_Antihypertensive therapy",0.159336953050097
"832","UMIC",2033,"Progress_Both",0.15704147400894
"833","UMIC",2033,"Progress_Salt reduction",0.174469605314348
"834","UMIC",2034,"Aspirational_Antihypertensive therapy",0.147197865230464
"835","UMIC",2034,"Aspirational_Both",0.142570929369274
"836","UMIC",2034,"Aspirational_Salt reduction",0.168765560703765
"837","UMIC",2034,"Business as usual",0.175843094828135
"838","UMIC",2034,"Progress_Antihypertensive therapy",0.156555227794286
"839","UMIC",2034,"Progress_Both",0.154149308083545
"840","UMIC",2034,"Progress_Salt reduction",0.172585767312253
"841","UMIC",2035,"Aspirational_Antihypertensive therapy",0.143314426839169
"842","UMIC",2035,"Aspirational_Both",0.138718036981517
"843","UMIC",2035,"Aspirational_Salt reduction",0.166609791323995
"844","UMIC",2035,"Business as usual",0.173910728064899
"845","UMIC",2035,"Progress_Antihypertensive therapy",0.153720936447043
"846","UMIC",2035,"Progress_Both",0.151235781022929
"847","UMIC",2035,"Progress_Salt reduction",0.170492259128614
"848","UMIC",2036,"Aspirational_Antihypertensive therapy",0.139524807205175
"849","UMIC",2036,"Aspirational_Both",0.134983855420941
"850","UMIC",2036,"Aspirational_Salt reduction",0.1643250489561
"851","UMIC",2036,"Business as usual",0.17180400027796
"852","UMIC",2036,"Progress_Antihypertensive therapy",0.150881236125511
"853","UMIC",2036,"Progress_Both",0.148337814330681
"854","UMIC",2036,"Progress_Salt reduction",0.168255005765141
"855","UMIC",2037,"Aspirational_Antihypertensive therapy",0.136056624721319
"856","UMIC",2037,"Aspirational_Both",0.131578160334066
"857","UMIC",2037,"Aspirational_Salt reduction",0.16217246048281
"858","UMIC",2037,"Business as usual",0.169807202816186
"859","UMIC",2037,"Progress_Antihypertensive therapy",0.148266124757809
"860","UMIC",2037,"Progress_Both",0.145675181863133
"861","UMIC",2037,"Progress_Salt reduction",0.166145067215149
"862","UMIC",2038,"Aspirational_Antihypertensive therapy",0.133112431545248
"863","UMIC",2038,"Aspirational_Both",0.128690558809074
"864","UMIC",2038,"Aspirational_Salt reduction",0.160407638561155
"865","UMIC",2038,"Business as usual",0.168195284116468
"866","UMIC",2038,"Progress_Antihypertensive therapy",0.146093124198721
"867","UMIC",2038,"Progress_Both",0.143457550638884
"868","UMIC",2038,"Progress_Salt reduction",0.164426561015622
"869","UMIC",2039,"Aspirational_Antihypertensive therapy",0.130707707893606
"870","UMIC",2039,"Aspirational_Both",0.126336368253453
"871","UMIC",2039,"Aspirational_Salt reduction",0.159074178753458
"872","UMIC",2039,"Business as usual",0.167011621755332
"873","UMIC",2039,"Progress_Antihypertensive therapy",0.144389274551785
"874","UMIC",2039,"Progress_Both",0.141711058041943
"875","UMIC",2039,"Progress_Salt reduction",0.163141917434779
"876","UMIC",2040,"Aspirational_Antihypertensive therapy",0.128755460842318
"877","UMIC",2040,"Aspirational_Both",0.124432339518535
"878","UMIC",2040,"Aspirational_Salt reduction",0.158089943110513
"879","UMIC",2040,"Business as usual",0.16616664776733
"880","UMIC",2040,"Progress_Antihypertensive therapy",0.143070220107382
"881","UMIC",2040,"Progress_Both",0.140353086455498
"882","UMIC",2040,"Progress_Salt reduction",0.162204464159061
"883","UMIC",2041,"Aspirational_Antihypertensive therapy",0.12706780953744
"884","UMIC",2041,"Aspirational_Both",0.122795297455512
"885","UMIC",2041,"Aspirational_Salt reduction",0.157253791759881
"886","UMIC",2041,"Business as usual",0.165449542639498
"887","UMIC",2041,"Progress_Antihypertensive therapy",0.141942388077244
"888","UMIC",2041,"Progress_Both",0.139192813125204
"889","UMIC",2041,"Progress_Salt reduction",0.16140765823495
"890","UMIC",2042,"Aspirational_Antihypertensive therapy",0.125523408679703
"891","UMIC",2042,"Aspirational_Both",0.121306749256786
"892","UMIC",2042,"Aspirational_Salt reduction",0.156435928542809
"893","UMIC",2042,"Business as usual",0.164723873559065
"894","UMIC",2042,"Progress_Antihypertensive therapy",0.140881094592112
"895","UMIC",2042,"Progress_Both",0.138107430780734
"896","UMIC",2042,"Progress_Salt reduction",0.160618034066672
"897","UMIC",2043,"Aspirational_Antihypertensive therapy",0.123923414354901
"898","UMIC",2043,"Aspirational_Both",0.119772857267266
"899","UMIC",2043,"Aspirational_Salt reduction",0.155403317993367
"900","UMIC",2043,"Business as usual",0.163745220046103
"901","UMIC",2043,"Progress_Antihypertensive therapy",0.139672643478392
"902","UMIC",2043,"Progress_Both",0.136886815847983
"903","UMIC",2043,"Progress_Salt reduction",0.15959663878012
"904","UMIC",2044,"Aspirational_Antihypertensive therapy",0.12229013474349
"905","UMIC",2044,"Aspirational_Both",0.11821218775368
"906","UMIC",2044,"Aspirational_Salt reduction",0.154195893938713
"907","UMIC",2044,"Business as usual",0.162559753974389
"908","UMIC",2044,"Progress_Antihypertensive therapy",0.138347669875589
"909","UMIC",2044,"Progress_Both",0.135559537602106
"910","UMIC",2044,"Progress_Salt reduction",0.158386438926965
"911","UMIC",2045,"Aspirational_Antihypertensive therapy",0.120668084698525
"912","UMIC",2045,"Aspirational_Both",0.116665642237422
"913","UMIC",2045,"Aspirational_Salt reduction",0.152881281071069
"914","UMIC",2045,"Business as usual",0.161242038915633
"915","UMIC",2045,"Progress_Antihypertensive therapy",0.136962670863498
"916","UMIC",2045,"Progress_Both",0.134179824268395
"917","UMIC",2045,"Progress_Salt reduction",0.15705843792071
"918","UMIC",2046,"Aspirational_Antihypertensive therapy",0.119094688429682
"919","UMIC",2046,"Aspirational_Both",0.115166215622375
"920","UMIC",2046,"Aspirational_Salt reduction",0.151524914142967
"921","UMIC",2046,"Business as usual",0.159867170419164
"922","UMIC",2046,"Progress_Antihypertensive therapy",0.135570303895752
"923","UMIC",2046,"Progress_Both",0.132797198096294
"924","UMIC",2046,"Progress_Salt reduction",0.155682766073888
"925","UMIC",2047,"Aspirational_Antihypertensive therapy",0.117558048929843
"926","UMIC",2047,"Aspirational_Both",0.113701937766002
"927","UMIC",2047,"Aspirational_Salt reduction",0.150122076755423
"928","UMIC",2047,"Business as usual",0.158431486621867
"929","UMIC",2047,"Progress_Antihypertensive therapy",0.134162641331621
"930","UMIC",2047,"Progress_Both",0.131403468696084
"931","UMIC",2047,"Progress_Salt reduction",0.154255085968556
"932","UMIC",2048,"Aspirational_Antihypertensive therapy",0.116070631511478
"933","UMIC",2048,"Aspirational_Both",0.112284573476552
"934","UMIC",2048,"Aspirational_Salt reduction",0.148697633835771
"935","UMIC",2048,"Business as usual",0.156962579344376
"936","UMIC",2048,"Progress_Antihypertensive therapy",0.132758075763007
"937","UMIC",2048,"Progress_Both",0.130016174220512
"938","UMIC",2048,"Progress_Salt reduction",0.152801355162036
"939","UMIC",2049,"Aspirational_Antihypertensive therapy",0.114626834513678
"940","UMIC",2049,"Aspirational_Both",0.110908159786931
"941","UMIC",2049,"Aspirational_Salt reduction",0.147255725587653
"942","UMIC",2049,"Business as usual",0.155466578794047
"943","UMIC",2049,"Progress_Antihypertensive therapy",0.131359969068144
"944","UMIC",2049,"Progress_Both",0.128637823217286
"945","UMIC",2049,"Progress_Salt reduction",0.151326476129919
"946","UMIC",2050,"Aspirational_Antihypertensive therapy",0.113223824342375
"947","UMIC",2050,"Aspirational_Both",0.109570058747324
"948","UMIC",2050,"Aspirational_Salt reduction",0.145797786076692
"949","UMIC",2050,"Business as usual",0.153945731448203
"950","UMIC",2050,"Progress_Antihypertensive therapy",0.129969099201766
"951","UMIC",2050,"Progress_Both",0.127268852155102
"952","UMIC",2050,"Progress_Salt reduction",0.149832037215625
